<?xml version="1.0"?>
<?AutomationRuntimeIOSystem Version = 1.0?>
<IOCFG xmlns="http://www.br-automation.com/AR/IO" Version="2.0">
  <Module ID="$root" Hardware="X20CP1382">
    <Parameter ID="HardwareModuleName" Value="X20CP1382" />
    <Parameter ID="SimulationIPAddress" Value="127.0.0.1" />
    <Parameter ID="SimulationInaPort" Value="11160" Type="UDINT" />
    <Parameter ID="SimulationInaNodeNumber" Value="1" Type="UDINT" />
    <Parameter ID="SimulationModeOpcUa" Value="on" />
    <Parameter ID="ActivateDtmServer" Value="0" Type="UDINT" />
    <Parameter ID="TemperatureCPUType" Value="UINT" />
    <Parameter ID="TemperatureENVType" Value="UINT" />
  </Module>
  <Module ID="IF2" Hardware="X20CP1382">
    <Parameter ID="ActivateOSAFT" Value="0" />
  </Module>
  <Module ID="IF2.OPCUA" Hardware="OPCUA">
    <Parameter ID="ActivateOpcUa" Value="1" Type="INT" />
  </Module>
  <Module ID="IF2.SITEMAN" Hardware="SITEMAN">
    <Parameter ID="ActivateSiteMan" Value="1" Type="INT" />
  </Module>
  <Module ID="IF3" Hardware="X20CP1382">
    <Parameter ID="Operation" Value="EPL-V2" />
    <Parameter ID="MtuSize" Value="300" Type="UDINT" />
  </Module>
  <Module ID="IF3.PLK" Hardware="EPL-V2">
    <Parameter ID="CycleTime" Value="10000" Type="UDINT" />
    <Parameter ID="Synchron" Value="on" />
    <Parameter ID="MuxPrescaler" Value="8" Type="UDINT" />
    <Parameter ID="Mode" Value="MN" />
    <Parameter ID="NodeID" Value="240" Type="DINT" />
    <Parameter ID="AsyncTimeout" Value="25" Type="UDINT" />
    <Parameter ID="TransferOnlyActive" Value="off" />
    <Parameter ID="OutputJustInTime" Value="off" />
    <Parameter ID="BasicEthernetInServiceMode" Value="off" />
    <Parameter ID="EplNatSubnet" Value="192.168.101.0" />
    <Parameter ID="EPL_LossFrameTolerance" Value="-1" Type="DINT" />
    <Parameter ID="ApplSwDate" Value="0" Type="UDINT" />
    <Parameter ID="ApplSwTime" Value="0" Type="UDINT" />
    <Parameter ID="BusCycleTrigger" Value="auto" />
    <Parameter ID="OutputCycleTrigger" Value="auto" />
  </Module>
  <Module ID="IF6.X2X" Hardware="X2X">
    <Parameter ID="CycleTime" Value="2000" Type="UDINT" />
    <Parameter ID="Synchron" Value="on" />
    <Parameter ID="BusLength" Value="1000" Type="UDINT" />
    <Parameter ID="Stations" Value="64" Type="UDINT" />
    <Parameter ID="AsyncPayload" Value="80" Type="UDINT" />
    <Parameter ID="Asymmetric" Value="off" />
    <Parameter ID="OutputJustInTime" Value="on" />
    <Parameter ID="BusCycleTrigger" Value="auto" />
    <Parameter ID="OutputCycleTrigger" Value="auto" />
  </Module>
  <Module ID="IF7.CANIO" Hardware="CANIO">
    <Parameter ID="Timeout" Value="1000" Type="UDINT" />
    <Parameter ID="Retries" Value="3" Type="UDINT" />
    <Parameter ID="Mode" Value="CANIO" />
  </Module>
  <Module ID="X1" Hardware="X1">
    <Parameter ID="HardwareModuleName" Value="X1a" />
  </Module>
  <Module ID="X1.IO" Hardware="X1">
    <Parameter ID="X1DI_InputFilter" Value="10" Type="USINT" />
    <Parameter ID="X1AI_ChannelType01" Value="-10V to +10V" />
    <Parameter ID="X1AI1_UpperLimit_10V" Value="32767" Type="INT" />
    <Parameter ID="X1AI1_LowerLimit_10V" Value="-32767" Type="INT" />
    <Parameter ID="X1AI1_InputFilter" Value="off" />
    <Parameter ID="X1AI_ChannelType02" Value="-10V to +10V" />
    <Parameter ID="X1AI2_UpperLimit_10V" Value="32767" Type="INT" />
    <Parameter ID="X1AI2_LowerLimit_10V" Value="-32767" Type="INT" />
    <Parameter ID="X1AI2_InputFilter" Value="off" />
  </Module>
  <Module ID="X2" Hardware="X2">
    <Parameter ID="HardwareModuleName" Value="X2a" />
  </Module>
  <Module ID="X2.IO" Hardware="X2">
    <Parameter ID="X2DI_InputFilter" Value="10" Type="USINT" />
    <Parameter ID="X2EdgeDetectEnable" Value="off" />
    <Parameter ID="X2CounterFunction" Value="off" />
  </Module>
  <Module ID="X3" Hardware="X3">
    <Parameter ID="HardwareModuleName" Value="X3a" />
  </Module>
  <Module ID="X3.IO" Hardware="X3">
    <Parameter ID="X3StatusInfo" Value="on" />
    <Parameter ID="X3DI_InputFilter" Value="10" Type="USINT" />
    <Parameter ID="X3Channel01Source" Value="DirectIO" />
    <Parameter ID="X3Channel02Source" Value="DirectIO" />
    <Parameter ID="X3Channel03Source" Value="DirectIO" />
    <Parameter ID="X3Channel04Source" Value="DirectIO" />
    <Parameter ID="X3Channel05Config" Value="outputPushPull" />
    <Parameter ID="X3Channel05Source" Value="DirectIO" />
    <Parameter ID="X3Channel06Config" Value="outputPushPull" />
    <Parameter ID="X3Channel06Source" Value="DirectIO" />
    <Parameter ID="X3Channel07Config" Value="outputPushPull" />
    <Parameter ID="X3Channel07Source" Value="DirectIO" />
    <Parameter ID="X3Channel08Config" Value="outputPushPull" />
    <Parameter ID="X3Channel08Source" Value="DirectIO" />
    <Parameter ID="X3Channel09Source" Value="DirectIO" />
    <Parameter ID="X3Channel10Source" Value="DirectIO" />
    <Parameter ID="X3Channel11Source" Value="DirectIO" />
    <Parameter ID="X3Channel12Source" Value="DirectIO" />
    <Parameter ID="X3Move01Function" Value="off" />
    <Parameter ID="X3Move02Function" Value="off" />
  </Module>
</IOCFG>