﻿<?xml version="1.0" encoding="utf-8"?>
<RuleSetOptions UsesUTCTime="True">
  <Rule ID="$(AS_PROJECT_PATH)\temp\objects\config1\x20cp1382\ashwac.br">
    <Prerequisite ID="$(AS_PROJECT_PATH)\physical\config1\hardware.hw" LastWriteTime="2020-10-22 09.09.30" />
    <CommandLine Parameter="&quot;$(AS_PROJECT_PATH)\Physical\Config1\Hardware.hw&quot;  -o &quot;$(AS_PROJECT_PATH)\Temp\Objects\Config1\X20CP1382\ashwac.br&quot; -L &quot;AsIecCon: V*, astime: V*, operator: V*, runtime: V*&quot; -c &quot;Config1&quot; -Z &quot;UnitSystem: n.d, Connectivity: n.d, ProgrammingSystem: n.d, TextSystem: n.d, RemanentData: n.d, AAS: n.d&quot; -M IA32 -B B4.82 -P &quot;$(AS_PROJECT_PATH)&quot; -s &quot;Config1&quot; -T SG4 " />
  </Rule>
  <Rule ID="$(AS_PROJECT_PATH)\temp\objects\config1\x20cp1382\sysconf.br">
    <Prerequisite ID="$(AS_PROJECT_PATH)\physical\config1\hardware.hw" LastWriteTime="2020-10-22 09.09.30" />
    <CommandLine Parameter="&quot;$(AS_PROJECT_PATH)\Physical\Config1\Hardware.hw&quot;  -c &quot;Config1&quot; -sysconf -S &quot;X20CP1382&quot; -Z &quot;UnitSystem: n.d, Connectivity: n.d, ProgrammingSystem: n.d, TextSystem: n.d, RemanentData: n.d, AAS: n.d&quot; -o &quot;$(AS_PROJECT_PATH)\Temp\Objects\Config1\X20CP1382\sysconf.br&quot; -T SG4 -B B4.82 -P &quot;$(AS_PROJECT_PATH)&quot; -s &quot;Config1&quot; " />
  </Rule>
  <Rule ID="$(AS_PROJECT_PATH)\temp\objects\config1\x20cp1382\asfw.br">
    <Prerequisite ID="$(AS_PROJECT_PATH)\physical\config1\hardware.hw" LastWriteTime="2020-10-22 09.09.30" />
    <Prerequisite ID="c:\brautomation\as48\upgrades\modified.txt" LastWriteTime="2020-07-16 07.14.26" />
    <CommandLine Parameter="&quot;$(AS_PROJECT_PATH)\Physical\Config1\Hardware.hw&quot;  -v V1.00.0 -S &quot;X20CP1382&quot; -o &quot;$(AS_PROJECT_PATH)\Temp\Objects\Config1\X20CP1382\asfw.br&quot; -T SG4 -B B4.82 -P &quot;$(AS_PROJECT_PATH)&quot; -c &quot;Config1&quot; -zip -s &quot;Config1&quot; -firmware -Z &quot;UnitSystem: n.d, Connectivity: n.d, ProgrammingSystem: n.d, TextSystem: n.d, RemanentData: n.d, AAS: n.d&quot; " />
  </Rule>
  <Rule ID="$(AS_PROJECT_PATH)\temp\objects\config1\x20cp1382\ashwd.br">
    <Prerequisite ID="$(AS_PROJECT_PATH)\physical\config1\hardware.hw" LastWriteTime="2020-10-22 09.09.30" />
    <Prerequisite ID="c:\brautomation\as48\upgrades\modified.txt" LastWriteTime="2020-07-16 07.14.26" />
    <CommandLine Parameter="&quot;$(AS_PROJECT_PATH)\Physical\Config1\Hardware.hw&quot;  -v V1.00.0 -S &quot;X20CP1382&quot; -o &quot;$(AS_PROJECT_PATH)\Temp\Objects\Config1\X20CP1382\ashwd.br&quot; -T SG4 -B B4.82 -P &quot;$(AS_PROJECT_PATH)&quot; -c &quot;Config1&quot; -zip -s &quot;Config1&quot; -hwd -Z &quot;UnitSystem: n.d, Connectivity: n.d, ProgrammingSystem: n.d, TextSystem: n.d, RemanentData: n.d, AAS: n.d&quot; " />
  </Rule>
  <Rule ID="$(AS_PROJECT_PATH)\temp\objects\config1\x20cp1382\arconfig.br">
    <Prerequisite ID="$(AS_PROJECT_PATH)\physical\config1\hardware.hw" LastWriteTime="2020-10-22 09.09.30" />
    <Prerequisite ID="$(AS_PROJECT_PATH)\physical\config1\x20cp1382\iomap.iom" LastWriteTime="2020-10-22 08.57.52" />
    <CommandLine Parameter="&quot;$(AS_PROJECT_PATH)\Physical\Config1\Hardware.hw&quot; &quot;$(AS_PROJECT_PATH)\Physical\Config1\X20CP1382\IoMap.iom&quot;  -arconfig -C &quot;/RT=1000 /AM=*&quot; -D &quot;/IF=COM1 /BD=57600 /PA=2 /IT=20 /RS=0&quot; -c &quot;Config1&quot; -v V1.00.0 -S &quot;X20CP1382&quot; -Z &quot;UnitSystem: n.d, Connectivity: n.d, ProgrammingSystem: n.d, TextSystem: n.d, RemanentData: n.d, AAS: n.d&quot; -o &quot;$(AS_PROJECT_PATH)\Temp\Objects\Config1\X20CP1382\arconfig.br&quot; &quot;$(AS_PROJECT_PATH)\Temp\Objects\Config1\X20CP1382\ChannelConfiguration.xml&quot; &quot;$(AS_PROJECT_PATH)\Temp\Objects\Config1\X20CP1382\HardwareConfiguration.xml&quot; &quot;$(AS_PROJECT_PATH)\Temp\Objects\Config1\X20CP1382\ReActionTechnologyConfiguration.xml&quot; -T SG4 -B B4.82 -P &quot;$(AS_PROJECT_PATH)&quot; -s &quot;Config1&quot; " />
  </Rule>
  <Rule ID="$(AS_PROJECT_PATH)\temp\objects\config1\x20cp1382\udbdef.br">
    <Prerequisite ID="c:\brautomation\as48\as\technologypackages\unitsystem\n.d\transfer\modules\sg4\udbdef.br" LastWriteTime="2020-04-07 09.33.28" />
    <CommandLine Parameter="C:\BrAutomation\AS48\AS\TechnologyPackages\UnitSystem\n.d\Transfer\Modules\SG4\udbdef.br, $(AS_PROJECT_PATH)\Temp\Objects\Config1\X20CP1382\udbdef.br" />
  </Rule>
  <Rule ID="$(AS_PROJECT_PATH)\temp\objects\config1\x20cp1382\iomap.br">
    <Prerequisite ID="$(AS_PROJECT_PATH)\physical\config1\x20cp1382\iomap.iom" LastWriteTime="2020-10-22 08.57.52" />
    <Prerequisite ID="$(AS_PROJECT_PATH)\physical\config1\x20cp1382\pvmap.vvm" LastWriteTime="2020-10-14 10.33.26" />
    <Prerequisite ID="$(AS_PROJECT_PATH)\physical\config1\hardware.hw" LastWriteTime="2020-10-22 09.09.30" />
    <Prerequisite ID="$(AS_PROJECT_PATH)\physical\config1\x20cp1382\cpu.sw" LastWriteTime="2020-10-22 09.01.54" />
    <Prerequisite ID="$(AS_PROJECT_PATH)\temp\objects\config1\x20cp1382\channelconfiguration.xml" LastWriteTime="2020-10-14 10.52.46" />
    <Prerequisite ID="$(AS_PROJECT_PATH)\logical\global.var" LastWriteTime="2020-10-22 09.12.50" />
    <CommandLine Parameter="&quot;$(AS_PROJECT_PATH)\Physical\Config1\X20CP1382\IoMap.iom&quot; &quot;$(AS_PROJECT_PATH)\Physical\Config1\X20CP1382\PvMap.vvm&quot;  -m &quot;$(AS_PROJECT_PATH)\Temp\Objects\Config1\X20CP1382\ConfigInfo.cfi&quot; -g &quot;$(AS_PROJECT_PATH)\Temp\Objects\Declarations.lst&quot; -x &quot;$(AS_PROJECT_PATH)\Temp\Objects\Config1\X20CP1382\ChannelConfiguration.xml&quot; -v V1.00.0 -f &quot;$(AS_PROJECT_PATH)\Temp\Objects\Config1\X20CP1382&quot; -iomap -o &quot;$(AS_PROJECT_PATH)\Temp\Objects\Config1\X20CP1382\iomap.br&quot; -T SG4 -B B4.82 -P &quot;$(AS_PROJECT_PATH)&quot; -s &quot;Config1.X20CP1382&quot;" />
  </Rule>
  <Rule ID="$(AS_PROJECT_PATH)\temp\objects\config1\x20cp1382\tcdata\tcdata.imx">
    <Prerequisite ID="c:\brautomation\as48\as\technologypackages\textsystem\n.d\objectcatalog\elements\textconfig\template\tc.textconfig" LastWriteTime="2020-04-07 09.33.28" />
    <CommandLine Parameter=" -o &quot;$(AS_PROJECT_PATH)\Temp\Objects\Config1\X20CP1382\TCData\TCData.imx&quot; -c &quot;C:\BrAutomation\AS48\AS\TechnologyPackages\TextSystem\n.d\ObjectCatalog\Elements\TextConfig\Template\TC.textconfig&quot; -I &quot;C:\BrAutomation\AS\System\B0482&quot; &quot;C:\BrAutomation\AS48\AS\TechnologyPackages\UnitSystem\n.d&quot; -P &quot;$(AS_PROJECT_PATH)&quot;" />
  </Rule>
  <Rule ID="$(AS_PROJECT_PATH)\temp\objects\config1\x20cp1382\tcdata\tcdata.s18d">
    <Prerequisite ID="$(AS_PROJECT_PATH)\temp\objects\config1\x20cp1382\tcdata\tcdata.imx" LastWriteTime="2020-10-14 10.40.40" />
    <CommandLine Parameter="&quot;$(AS_PROJECT_PATH)\Temp\Objects\Config1\X20CP1382\TCData\TCData.imx&quot; -o &quot;$(AS_PROJECT_PATH)\Temp\Objects\Config1\X20CP1382\TCData\TCData.s18d&quot;" />
  </Rule>
  <Rule ID="$(AS_PROJECT_PATH)\temp\objects\config1\x20cp1382\tcdata.br">
    <Prerequisite ID="$(AS_PROJECT_PATH)\temp\objects\config1\x20cp1382\tcdata\tcdata.s18d" LastWriteTime="2020-10-14 10.40.42" />
    <CommandLine Parameter="&quot;$(AS_PROJECT_PATH)\Temp\Objects\Config1\X20CP1382\TCData\TCData.s18d&quot;  -o &quot;$(AS_PROJECT_PATH)\Temp\Objects\Config1\X20CP1382\TCData.br&quot; -t TextModule" />
  </Rule>
  <Rule ID="$(AS_PROJECT_PATH)\temp\objects\config1\x20cp1382\role.br">
    <Prerequisite ID="$(AS_PROJECT_PATH)\physical\config1\x20cp1382\accessandsecurity\userrolesystem\role.role" LastWriteTime="2020-10-14 10.33.26" />
    <CommandLine Parameter="&quot;$(AS_PROJECT_PATH)\Physical\Config1\X20CP1382\AccessAndSecurity\UserRoleSystem\Role.role&quot;  -o &quot;$(AS_PROJECT_PATH)\Temp\Objects\Config1\X20CP1382\Role.br&quot; -zip -B B4.82 -z n.d -P &quot;$(AS_PROJECT_PATH)&quot; -c &quot;Config1&quot; " />
  </Rule>
  <Rule ID="$(AS_PROJECT_PATH)\temp\objects\config1\x20cp1382\user.br">
    <Prerequisite ID="$(AS_PROJECT_PATH)\physical\config1\x20cp1382\accessandsecurity\userrolesystem\user.user" LastWriteTime="2020-10-14 10.33.26" />
    <Prerequisite ID="$(AS_PROJECT_PATH)\physical\config1\x20cp1382\accessandsecurity\userrolesystem\role.role" LastWriteTime="2020-10-14 10.33.26" />
    <CommandLine Parameter="&quot;$(AS_PROJECT_PATH)\Physical\Config1\X20CP1382\AccessAndSecurity\UserRoleSystem\User.user&quot;  -o &quot;$(AS_PROJECT_PATH)\Temp\Objects\Config1\X20CP1382\User.br&quot; -zip -B B4.82 -z n.d -P &quot;$(AS_PROJECT_PATH)&quot; -c &quot;Config1&quot; " />
  </Rule>
  <Rule ID="$(AS_PROJECT_PATH)\temp\objects\config1\x20cp1382\fwrules.br">
    <Prerequisite ID="$(AS_PROJECT_PATH)\physical\config1\x20cp1382\accessandsecurity\firewall\rules.firewallrules" LastWriteTime="2020-10-14 10.33.26" />
    <CommandLine Parameter="&quot;$(AS_PROJECT_PATH)\Physical\Config1\X20CP1382\AccessAndSecurity\Firewall\Rules.firewallRules&quot;  -o &quot;$(AS_PROJECT_PATH)\Temp\Objects\Config1\X20CP1382\FWRules.br&quot; -zip -B B4.82 -z n.d -P &quot;$(AS_PROJECT_PATH)&quot; -c &quot;Config1&quot; " />
  </Rule>
  <Rule ID="$(AS_PROJECT_PATH)\temp\objects\config1\x20cp1382\master.br">
    <Prerequisite ID="$(AS_PROJECT_PATH)\temp\objects\config1\x20cp1382\master\master.ox" LastWriteTime="2020-10-22 10.04.00" />
    <Prerequisite ID="$(AS_PROJECT_PATH)\physical\config1\x20cp1382\cpu.per" LastWriteTime="2020-10-14 10.33.26" />
    <Prerequisite ID="$(AS_PROJECT_PATH)\logical\global.var" LastWriteTime="2020-10-22 09.12.50" />
    <CommandLine Parameter="&quot;$(AS_PROJECT_PATH)\Temp\Objects\Config1\X20CP1382\Master\Master.ox&quot;  -o &quot;$(AS_PROJECT_PATH)\Temp\Objects\Config1\X20CP1382\Master.br&quot; -v V1.00.0 -f &quot;$(AS_PROJECT_PATH)\Temp\Objects\Config1\X20CP1382\NT.ofs&quot; -offsetLT &quot;$(AS_PROJECT_PATH)\Binaries\Config1\X20CP1382\LT.ofs&quot; -T SG4 -M IA32 -B B4.82 -G V4.1.2  -extConstants -d &quot;runtime: V* - V*,asieccon: V* - V*&quot; -r Cyclic1 -p 2 -s &quot;Master&quot; -L &quot;AsIecCon: V*, astime: V*, operator: V*, runtime: V*&quot; -P &quot;$(AS_PROJECT_PATH)&quot; " />
    <AdditionalBuildTrigger Key="VolatileMemory" Value="65535" />
    <AdditionalBuildTrigger Key="PermanentAnalogMemory" Value="0" />
    <AdditionalBuildTrigger Key="PermanentDigitalMemory" Value="0" />
    <AdditionalBuildTrigger Key="RemanentMemory" Value="0" />
  </Rule>
  <Rule ID="$(AS_PROJECT_PATH)\temp\objects\config1\x20cp1382\master\master.ox">
    <Prerequisite ID="$(AS_PROJECT_PATH)\temp\objects\config1\x20cp1382\master\a.out" LastWriteTime="2020-10-22 10.04.00" />
    <Prerequisite ID="$(AS_PROJECT_PATH)\logical\global.var" LastWriteTime="2020-10-22 09.12.50" />
    <CommandLine Parameter="&quot;$(AS_PROJECT_PATH)\Temp\Objects\Config1\X20CP1382\Master\a.out&quot;  -o &quot;$(AS_PROJECT_PATH)\Temp\Objects\Config1\X20CP1382\Master\Master.ox&quot; -T SG4 -r Cyclic1 -G V4.1.2  -B B4.82 " />
  </Rule>
  <Rule ID="$(AS_PROJECT_PATH)\temp\objects\config1\x20cp1382\master\a.out">
    <Prerequisite ID="$(AS_PROJECT_PATH)\temp\objects\config1\x20cp1382\master\main.st.o" LastWriteTime="2020-10-22 10.04.00" />
    <Prerequisite ID="$(AS_PROJECT_PATH)\temp\objects\config1\x20cp1382\master\_bur_pvdef.st.o" LastWriteTime="2020-10-22 10.04.00" />
    <Prerequisite ID="$(AS_PROJECT_PATH)\logical\global.var" LastWriteTime="2020-10-22 09.12.50" />
    <CommandLine Parameter=" -link &quot;$(AS_PROJECT_PATH)\Temp\Objects\Config1\X20CP1382\Master\Main.st.o&quot; &quot;$(AS_PROJECT_PATH)\Temp\Objects\Config1\X20CP1382\Master\_bur_pvdef.st.o&quot;  -o &quot;$(AS_PROJECT_PATH)\Temp\Objects\Config1\X20CP1382\Master\a.out&quot; -G V4.1.2  -T SG4 -M IA32 &quot;-Wl,C:\BrAutomation\AS\System\B0482\SG4\Ia32\libAsIecCon.a&quot; &quot;-Wl,C:\BrAutomation\AS\System\B0482\SG4\Ia32\libastime.a&quot; &quot;-Wl,C:\BrAutomation\AS\System\B0482\SG4\Ia32\libruntime.a&quot; &quot;-Wl,C:\BrAutomation\AS\System\B0482\SG4\Ia32\liboperator.a&quot; -specs=I386specs_brelf -nostdlib" />
  </Rule>
  <Rule ID="$(AS_PROJECT_PATH)\temp\objects\config1\x20cp1382\master\main.st.o">
    <Prerequisite ID="$(AS_PROJECT_PATH)\logical\master\main.st" LastWriteTime="2020-10-22 10.03.56" />
    <Prerequisite ID="$(AS_PROJECT_PATH)\logical\global.var" LastWriteTime="2020-10-22 09.12.50" />
    <CommandLine Parameter="&quot;$(AS_PROJECT_PATH)\Logical\Master\Main.st&quot;  -o &quot;$(AS_PROJECT_PATH)\Temp\Objects\Config1\X20CP1382\Master\Main.st.o&quot; -T SG4 -M IA32 -B B4.82 -G V4.1.2  -s &quot;Master&quot; -t &quot;$(AS_PROJECT_PATH)\Temp&quot; -pointers -extComments -extBitAccess -extConstants -D _SG4 -l &quot;$(AS_PROJECT_PATH)\Logical\Master\Types.typ&quot; &quot;$(AS_PROJECT_PATH)\Logical\Master\Variables.var&quot; -g &quot;$(AS_PROJECT_PATH)\Logical\Global.typ&quot; &quot;$(AS_PROJECT_PATH)\Logical\Libraries\operator\operator.typ&quot; &quot;$(AS_PROJECT_PATH)\Logical\Libraries\runtime\runtime.typ&quot; &quot;$(AS_PROJECT_PATH)\Logical\Libraries\astime\astime.typ&quot; &quot;$(AS_PROJECT_PATH)\Logical\Libraries\AsIecCon\AsIecCon.typ&quot; &quot;$(AS_PROJECT_PATH)\Logical\Libraries\operator\operator.fun&quot; &quot;$(AS_PROJECT_PATH)\Logical\Libraries\runtime\runtime.fun&quot; &quot;$(AS_PROJECT_PATH)\Logical\Libraries\astime\astime.fun&quot; &quot;$(AS_PROJECT_PATH)\Logical\Libraries\AsIecCon\AsIecCon.fun&quot; &quot;$(AS_PROJECT_PATH)\Logical\Global.var&quot; &quot;$(AS_PROJECT_PATH)\Logical\Libraries\operator\operator.var&quot; &quot;$(AS_PROJECT_PATH)\Logical\Libraries\runtime\runtime.var&quot; &quot;$(AS_PROJECT_PATH)\Logical\Libraries\astime\astime.var&quot; &quot;$(AS_PROJECT_PATH)\Logical\Libraries\AsIecCon\AsIecCon.var&quot; -P &quot;$(AS_PROJECT_PATH)&quot; " />
    <AdditionalBuildTrigger Key="IecDeclarationsInAnsiC" Value="False" />
  </Rule>
  <Rule ID="$(AS_PROJECT_PATH)\temp\objects\config1\x20cp1382\master\_bur_pvdef.st.o">
    <Prerequisite ID="c:\brautomation\as48\as\gnuinst\v4.1.2\i386-elf\include\bur\_bur_pvdef.st" LastWriteTime="2020-04-07 09.33.28" />
    <Prerequisite ID="$(AS_PROJECT_PATH)\temp\objects\config1\x20cp1382\master\main.st.o" LastWriteTime="2020-10-22 10.04.00" />
    <Prerequisite ID="$(AS_PROJECT_PATH)\logical\global.var" LastWriteTime="2020-10-22 09.12.50" />
    <CommandLine Parameter="&quot;C:\BrAutomation\AS48\AS\GnuInst\V4.1.2\i386-elf\include\bur\_bur_pvdef.st&quot;  -o &quot;$(AS_PROJECT_PATH)\Temp\Objects\Config1\X20CP1382\Master\_bur_pvdef.st.o&quot; -S &quot;Main.st&quot;  -T SG4 -M IA32 -B B4.82 -G V4.1.2  -s &quot;Master&quot; -t &quot;$(AS_PROJECT_PATH)\Temp&quot; -pointers -extComments -extBitAccess -extConstants -D _SG4 -l &quot;$(AS_PROJECT_PATH)\Logical\Master\Types.typ&quot; &quot;$(AS_PROJECT_PATH)\Logical\Master\Variables.var&quot; -g &quot;$(AS_PROJECT_PATH)\Logical\Global.typ&quot; &quot;$(AS_PROJECT_PATH)\Logical\Libraries\operator\operator.typ&quot; &quot;$(AS_PROJECT_PATH)\Logical\Libraries\runtime\runtime.typ&quot; &quot;$(AS_PROJECT_PATH)\Logical\Libraries\astime\astime.typ&quot; &quot;$(AS_PROJECT_PATH)\Logical\Libraries\AsIecCon\AsIecCon.typ&quot; &quot;$(AS_PROJECT_PATH)\Logical\Libraries\operator\operator.fun&quot; &quot;$(AS_PROJECT_PATH)\Logical\Libraries\runtime\runtime.fun&quot; &quot;$(AS_PROJECT_PATH)\Logical\Libraries\astime\astime.fun&quot; &quot;$(AS_PROJECT_PATH)\Logical\Libraries\AsIecCon\AsIecCon.fun&quot; &quot;$(AS_PROJECT_PATH)\Logical\Global.var&quot; &quot;$(AS_PROJECT_PATH)\Logical\Libraries\operator\operator.var&quot; &quot;$(AS_PROJECT_PATH)\Logical\Libraries\runtime\runtime.var&quot; &quot;$(AS_PROJECT_PATH)\Logical\Libraries\astime\astime.var&quot; &quot;$(AS_PROJECT_PATH)\Logical\Libraries\AsIecCon\AsIecCon.var&quot; -P &quot;$(AS_PROJECT_PATH)&quot; " />
    <AdditionalBuildTrigger Key="IecDeclarationsInAnsiC" Value="False" />
  </Rule>
  <Rule ID="$(AS_PROJECT_PATH)\temp\objects\config1\x20cp1382\reset.br">
    <Prerequisite ID="$(AS_PROJECT_PATH)\temp\objects\config1\x20cp1382\reset\reset.ox" LastWriteTime="2020-10-22 09.13.38" />
    <Prerequisite ID="$(AS_PROJECT_PATH)\physical\config1\x20cp1382\cpu.per" LastWriteTime="2020-10-14 10.33.26" />
    <Prerequisite ID="$(AS_PROJECT_PATH)\logical\global.var" LastWriteTime="2020-10-22 09.12.50" />
    <CommandLine Parameter="&quot;$(AS_PROJECT_PATH)\Temp\Objects\Config1\X20CP1382\Reset\Reset.ox&quot;  -o &quot;$(AS_PROJECT_PATH)\Temp\Objects\Config1\X20CP1382\Reset.br&quot; -v V1.00.0 -f &quot;$(AS_PROJECT_PATH)\Temp\Objects\Config1\X20CP1382\NT.ofs&quot; -offsetLT &quot;$(AS_PROJECT_PATH)\Binaries\Config1\X20CP1382\LT.ofs&quot; -T SG4 -M IA32 -B B4.82 -G V4.1.2  -extConstants -d &quot;runtime: V* - V*,asieccon: V* - V*&quot; -r Cyclic1 -p 3 -s &quot;Reset&quot; -L &quot;AsIecCon: V*, astime: V*, operator: V*, runtime: V*&quot; -P &quot;$(AS_PROJECT_PATH)&quot; " />
    <AdditionalBuildTrigger Key="VolatileMemory" Value="65535" />
    <AdditionalBuildTrigger Key="PermanentAnalogMemory" Value="0" />
    <AdditionalBuildTrigger Key="PermanentDigitalMemory" Value="0" />
    <AdditionalBuildTrigger Key="RemanentMemory" Value="0" />
  </Rule>
  <Rule ID="$(AS_PROJECT_PATH)\temp\objects\config1\x20cp1382\reset\reset.ox">
    <Prerequisite ID="$(AS_PROJECT_PATH)\temp\objects\config1\x20cp1382\reset\a.out" LastWriteTime="2020-10-22 09.13.38" />
    <Prerequisite ID="$(AS_PROJECT_PATH)\logical\global.var" LastWriteTime="2020-10-22 09.12.50" />
    <CommandLine Parameter="&quot;$(AS_PROJECT_PATH)\Temp\Objects\Config1\X20CP1382\Reset\a.out&quot;  -o &quot;$(AS_PROJECT_PATH)\Temp\Objects\Config1\X20CP1382\Reset\Reset.ox&quot; -T SG4 -r Cyclic1 -G V4.1.2  -B B4.82 " />
  </Rule>
  <Rule ID="$(AS_PROJECT_PATH)\temp\objects\config1\x20cp1382\reset\a.out">
    <Prerequisite ID="$(AS_PROJECT_PATH)\temp\objects\config1\x20cp1382\reset\cyclic.st.o" LastWriteTime="2020-10-22 09.13.38" />
    <Prerequisite ID="$(AS_PROJECT_PATH)\temp\objects\config1\x20cp1382\reset\init.st.o" LastWriteTime="2020-10-22 09.12.54" />
    <Prerequisite ID="$(AS_PROJECT_PATH)\temp\objects\config1\x20cp1382\reset\exit.st.o" LastWriteTime="2020-10-22 09.12.54" />
    <Prerequisite ID="$(AS_PROJECT_PATH)\temp\objects\config1\x20cp1382\reset\_bur_pvdef.st.o" LastWriteTime="2020-10-22 09.13.38" />
    <Prerequisite ID="$(AS_PROJECT_PATH)\logical\global.var" LastWriteTime="2020-10-22 09.12.50" />
    <CommandLine Parameter=" -link &quot;$(AS_PROJECT_PATH)\Temp\Objects\Config1\X20CP1382\Reset\Cyclic.st.o&quot; &quot;$(AS_PROJECT_PATH)\Temp\Objects\Config1\X20CP1382\Reset\Init.st.o&quot; &quot;$(AS_PROJECT_PATH)\Temp\Objects\Config1\X20CP1382\Reset\Exit.st.o&quot; &quot;$(AS_PROJECT_PATH)\Temp\Objects\Config1\X20CP1382\Reset\_bur_pvdef.st.o&quot;  -o &quot;$(AS_PROJECT_PATH)\Temp\Objects\Config1\X20CP1382\Reset\a.out&quot; -G V4.1.2  -T SG4 -M IA32 &quot;-Wl,C:\BrAutomation\AS\System\B0482\SG4\Ia32\libAsIecCon.a&quot; &quot;-Wl,C:\BrAutomation\AS\System\B0482\SG4\Ia32\libastime.a&quot; &quot;-Wl,C:\BrAutomation\AS\System\B0482\SG4\Ia32\libruntime.a&quot; &quot;-Wl,C:\BrAutomation\AS\System\B0482\SG4\Ia32\liboperator.a&quot; -specs=I386specs_brelf -nostdlib" />
  </Rule>
  <Rule ID="$(AS_PROJECT_PATH)\temp\objects\config1\x20cp1382\reset\cyclic.st.o">
    <Prerequisite ID="$(AS_PROJECT_PATH)\logical\reset\cyclic.st" LastWriteTime="2020-10-22 09.13.34" />
    <Prerequisite ID="$(AS_PROJECT_PATH)\logical\global.var" LastWriteTime="2020-10-22 09.12.50" />
    <CommandLine Parameter="&quot;$(AS_PROJECT_PATH)\Logical\Reset\Cyclic.st&quot;  -o &quot;$(AS_PROJECT_PATH)\Temp\Objects\Config1\X20CP1382\Reset\Cyclic.st.o&quot; -T SG4 -M IA32 -B B4.82 -G V4.1.2  -s &quot;Reset&quot; -t &quot;$(AS_PROJECT_PATH)\Temp&quot; -pointers -extComments -extBitAccess -extConstants -D _SG4 -l &quot;$(AS_PROJECT_PATH)\Logical\Reset\Types.typ&quot; &quot;$(AS_PROJECT_PATH)\Logical\Reset\Variables.var&quot; -g &quot;$(AS_PROJECT_PATH)\Logical\Global.typ&quot; &quot;$(AS_PROJECT_PATH)\Logical\Libraries\operator\operator.typ&quot; &quot;$(AS_PROJECT_PATH)\Logical\Libraries\runtime\runtime.typ&quot; &quot;$(AS_PROJECT_PATH)\Logical\Libraries\astime\astime.typ&quot; &quot;$(AS_PROJECT_PATH)\Logical\Libraries\AsIecCon\AsIecCon.typ&quot; &quot;$(AS_PROJECT_PATH)\Logical\Libraries\operator\operator.fun&quot; &quot;$(AS_PROJECT_PATH)\Logical\Libraries\runtime\runtime.fun&quot; &quot;$(AS_PROJECT_PATH)\Logical\Libraries\astime\astime.fun&quot; &quot;$(AS_PROJECT_PATH)\Logical\Libraries\AsIecCon\AsIecCon.fun&quot; &quot;$(AS_PROJECT_PATH)\Logical\Global.var&quot; &quot;$(AS_PROJECT_PATH)\Logical\Libraries\operator\operator.var&quot; &quot;$(AS_PROJECT_PATH)\Logical\Libraries\runtime\runtime.var&quot; &quot;$(AS_PROJECT_PATH)\Logical\Libraries\astime\astime.var&quot; &quot;$(AS_PROJECT_PATH)\Logical\Libraries\AsIecCon\AsIecCon.var&quot; -P &quot;$(AS_PROJECT_PATH)&quot; " />
    <AdditionalBuildTrigger Key="IecDeclarationsInAnsiC" Value="False" />
  </Rule>
  <Rule ID="$(AS_PROJECT_PATH)\temp\objects\config1\x20cp1382\reset\init.st.o">
    <Prerequisite ID="$(AS_PROJECT_PATH)\logical\reset\init.st" LastWriteTime="2020-10-22 08.25.42" />
    <Prerequisite ID="$(AS_PROJECT_PATH)\logical\global.var" LastWriteTime="2020-10-22 09.12.50" />
    <CommandLine Parameter="&quot;$(AS_PROJECT_PATH)\Logical\Reset\Init.st&quot;  -o &quot;$(AS_PROJECT_PATH)\Temp\Objects\Config1\X20CP1382\Reset\Init.st.o&quot; -T SG4 -M IA32 -B B4.82 -G V4.1.2  -s &quot;Reset&quot; -t &quot;$(AS_PROJECT_PATH)\Temp&quot; -pointers -extComments -extBitAccess -extConstants -D _SG4 -l &quot;$(AS_PROJECT_PATH)\Logical\Reset\Types.typ&quot; &quot;$(AS_PROJECT_PATH)\Logical\Reset\Variables.var&quot; -g &quot;$(AS_PROJECT_PATH)\Logical\Global.typ&quot; &quot;$(AS_PROJECT_PATH)\Logical\Libraries\operator\operator.typ&quot; &quot;$(AS_PROJECT_PATH)\Logical\Libraries\runtime\runtime.typ&quot; &quot;$(AS_PROJECT_PATH)\Logical\Libraries\astime\astime.typ&quot; &quot;$(AS_PROJECT_PATH)\Logical\Libraries\AsIecCon\AsIecCon.typ&quot; &quot;$(AS_PROJECT_PATH)\Logical\Libraries\operator\operator.fun&quot; &quot;$(AS_PROJECT_PATH)\Logical\Libraries\runtime\runtime.fun&quot; &quot;$(AS_PROJECT_PATH)\Logical\Libraries\astime\astime.fun&quot; &quot;$(AS_PROJECT_PATH)\Logical\Libraries\AsIecCon\AsIecCon.fun&quot; &quot;$(AS_PROJECT_PATH)\Logical\Global.var&quot; &quot;$(AS_PROJECT_PATH)\Logical\Libraries\operator\operator.var&quot; &quot;$(AS_PROJECT_PATH)\Logical\Libraries\runtime\runtime.var&quot; &quot;$(AS_PROJECT_PATH)\Logical\Libraries\astime\astime.var&quot; &quot;$(AS_PROJECT_PATH)\Logical\Libraries\AsIecCon\AsIecCon.var&quot; -P &quot;$(AS_PROJECT_PATH)&quot; " />
    <AdditionalBuildTrigger Key="IecDeclarationsInAnsiC" Value="False" />
  </Rule>
  <Rule ID="$(AS_PROJECT_PATH)\temp\objects\config1\x20cp1382\reset\exit.st.o">
    <Prerequisite ID="$(AS_PROJECT_PATH)\logical\reset\exit.st" LastWriteTime="2020-10-22 08.25.42" />
    <Prerequisite ID="$(AS_PROJECT_PATH)\logical\global.var" LastWriteTime="2020-10-22 09.12.50" />
    <CommandLine Parameter="&quot;$(AS_PROJECT_PATH)\Logical\Reset\Exit.st&quot;  -o &quot;$(AS_PROJECT_PATH)\Temp\Objects\Config1\X20CP1382\Reset\Exit.st.o&quot; -T SG4 -M IA32 -B B4.82 -G V4.1.2  -s &quot;Reset&quot; -t &quot;$(AS_PROJECT_PATH)\Temp&quot; -pointers -extComments -extBitAccess -extConstants -D _SG4 -l &quot;$(AS_PROJECT_PATH)\Logical\Reset\Types.typ&quot; &quot;$(AS_PROJECT_PATH)\Logical\Reset\Variables.var&quot; -g &quot;$(AS_PROJECT_PATH)\Logical\Global.typ&quot; &quot;$(AS_PROJECT_PATH)\Logical\Libraries\operator\operator.typ&quot; &quot;$(AS_PROJECT_PATH)\Logical\Libraries\runtime\runtime.typ&quot; &quot;$(AS_PROJECT_PATH)\Logical\Libraries\astime\astime.typ&quot; &quot;$(AS_PROJECT_PATH)\Logical\Libraries\AsIecCon\AsIecCon.typ&quot; &quot;$(AS_PROJECT_PATH)\Logical\Libraries\operator\operator.fun&quot; &quot;$(AS_PROJECT_PATH)\Logical\Libraries\runtime\runtime.fun&quot; &quot;$(AS_PROJECT_PATH)\Logical\Libraries\astime\astime.fun&quot; &quot;$(AS_PROJECT_PATH)\Logical\Libraries\AsIecCon\AsIecCon.fun&quot; &quot;$(AS_PROJECT_PATH)\Logical\Global.var&quot; &quot;$(AS_PROJECT_PATH)\Logical\Libraries\operator\operator.var&quot; &quot;$(AS_PROJECT_PATH)\Logical\Libraries\runtime\runtime.var&quot; &quot;$(AS_PROJECT_PATH)\Logical\Libraries\astime\astime.var&quot; &quot;$(AS_PROJECT_PATH)\Logical\Libraries\AsIecCon\AsIecCon.var&quot; -P &quot;$(AS_PROJECT_PATH)&quot; " />
    <AdditionalBuildTrigger Key="IecDeclarationsInAnsiC" Value="False" />
  </Rule>
  <Rule ID="$(AS_PROJECT_PATH)\temp\objects\config1\x20cp1382\reset\_bur_pvdef.st.o">
    <Prerequisite ID="c:\brautomation\as48\as\gnuinst\v4.1.2\i386-elf\include\bur\_bur_pvdef.st" LastWriteTime="2020-04-07 09.33.28" />
    <Prerequisite ID="$(AS_PROJECT_PATH)\temp\objects\config1\x20cp1382\reset\cyclic.st.o" LastWriteTime="2020-10-22 09.13.38" />
    <Prerequisite ID="$(AS_PROJECT_PATH)\temp\objects\config1\x20cp1382\reset\init.st.o" LastWriteTime="2020-10-22 09.12.54" />
    <Prerequisite ID="$(AS_PROJECT_PATH)\temp\objects\config1\x20cp1382\reset\exit.st.o" LastWriteTime="2020-10-22 09.12.54" />
    <Prerequisite ID="$(AS_PROJECT_PATH)\logical\global.var" LastWriteTime="2020-10-22 09.12.50" />
    <CommandLine Parameter="&quot;C:\BrAutomation\AS48\AS\GnuInst\V4.1.2\i386-elf\include\bur\_bur_pvdef.st&quot;  -o &quot;$(AS_PROJECT_PATH)\Temp\Objects\Config1\X20CP1382\Reset\_bur_pvdef.st.o&quot; -S &quot;Cyclic.st&quot; &quot;Init.st&quot; &quot;Exit.st&quot;  -T SG4 -M IA32 -B B4.82 -G V4.1.2  -s &quot;Reset&quot; -t &quot;$(AS_PROJECT_PATH)\Temp&quot; -pointers -extComments -extBitAccess -extConstants -D _SG4 -l &quot;$(AS_PROJECT_PATH)\Logical\Reset\Types.typ&quot; &quot;$(AS_PROJECT_PATH)\Logical\Reset\Variables.var&quot; -g &quot;$(AS_PROJECT_PATH)\Logical\Global.typ&quot; &quot;$(AS_PROJECT_PATH)\Logical\Libraries\operator\operator.typ&quot; &quot;$(AS_PROJECT_PATH)\Logical\Libraries\runtime\runtime.typ&quot; &quot;$(AS_PROJECT_PATH)\Logical\Libraries\astime\astime.typ&quot; &quot;$(AS_PROJECT_PATH)\Logical\Libraries\AsIecCon\AsIecCon.typ&quot; &quot;$(AS_PROJECT_PATH)\Logical\Libraries\operator\operator.fun&quot; &quot;$(AS_PROJECT_PATH)\Logical\Libraries\runtime\runtime.fun&quot; &quot;$(AS_PROJECT_PATH)\Logical\Libraries\astime\astime.fun&quot; &quot;$(AS_PROJECT_PATH)\Logical\Libraries\AsIecCon\AsIecCon.fun&quot; &quot;$(AS_PROJECT_PATH)\Logical\Global.var&quot; &quot;$(AS_PROJECT_PATH)\Logical\Libraries\operator\operator.var&quot; &quot;$(AS_PROJECT_PATH)\Logical\Libraries\runtime\runtime.var&quot; &quot;$(AS_PROJECT_PATH)\Logical\Libraries\astime\astime.var&quot; &quot;$(AS_PROJECT_PATH)\Logical\Libraries\AsIecCon\AsIecCon.var&quot; -P &quot;$(AS_PROJECT_PATH)&quot; " />
    <AdditionalBuildTrigger Key="IecDeclarationsInAnsiC" Value="False" />
  </Rule>
  <Rule ID="#cpu_tp.mak">
    <CommandLine Parameter=" -r -f &quot;$(AS_PROJECT_PATH)\Temp\Objects\Config1\X20CP1382\#cpu_tp.mak&quot; -k" />
  </Rule>
  <Rule ID="$(AS_PROJECT_PATH)\binaries\config1\x20cp1382\transfer.lst">
    <Prerequisite ID="$(AS_PROJECT_PATH)\temp\objects\config1\x20cp1382\ashwac.br" LastWriteTime="2020-10-14 10.40.40" />
    <Prerequisite ID="$(AS_PROJECT_PATH)\temp\objects\config1\x20cp1382\sysconf.br" LastWriteTime="2020-10-21 10.38.34" />
    <Prerequisite ID="$(AS_PROJECT_PATH)\temp\objects\config1\x20cp1382\asfw.br" LastWriteTime="2020-10-14 10.40.42" />
    <Prerequisite ID="$(AS_PROJECT_PATH)\temp\objects\config1\x20cp1382\ashwd.br" LastWriteTime="2020-10-14 10.40.42" />
    <Prerequisite ID="$(AS_PROJECT_PATH)\temp\objects\config1\x20cp1382\arconfig.br" LastWriteTime="2020-10-14 10.52.46" />
    <Prerequisite ID="$(AS_PROJECT_PATH)\temp\objects\config1\x20cp1382\udbdef.br" LastWriteTime="2020-04-07 09.33.28" />
    <Prerequisite ID="$(AS_PROJECT_PATH)\temp\objects\config1\x20cp1382\iomap.br" LastWriteTime="2020-10-22 09.01.58" />
    <Prerequisite ID="$(AS_PROJECT_PATH)\temp\objects\config1\x20cp1382\tcdata.br" LastWriteTime="2020-10-14 10.40.42" />
    <Prerequisite ID="$(AS_PROJECT_PATH)\temp\objects\config1\x20cp1382\role.br" LastWriteTime="2020-10-14 10.40.40" />
    <Prerequisite ID="$(AS_PROJECT_PATH)\temp\objects\config1\x20cp1382\user.br" LastWriteTime="2020-10-14 10.40.40" />
    <Prerequisite ID="$(AS_PROJECT_PATH)\temp\objects\config1\x20cp1382\fwrules.br" LastWriteTime="2020-10-14 10.40.40" />
    <Prerequisite ID="$(AS_PROJECT_PATH)\temp\objects\config1\x20cp1382\master.br" LastWriteTime="2020-10-22 10.04.00" />
    <Prerequisite ID="$(AS_PROJECT_PATH)\temp\objects\config1\x20cp1382\reset.br" LastWriteTime="2020-10-22 09.13.38" />
    <Prerequisite ID="$(AS_PROJECT_PATH)\physical\config1\x20cp1382\cpu.sw" LastWriteTime="2020-10-22 09.01.54" />
    <CommandLine Parameter=" &quot;$(AS_PROJECT_PATH)\1semesterproject.apj&quot; -t &quot;$(AS_PROJECT_PATH)\Temp&quot; -o &quot;$(AS_PROJECT_PATH)\Binaries&quot; -c &quot;Config1&quot; -i &quot;C:\BrAutomation\AS48&quot; -S &quot;X20CP1382&quot; -A &quot;X20CP1382&quot; -pil -swFiles &quot;$(AS_PROJECT_PATH)\Physical\Config1\X20CP1382\Cpu.sw&quot; -Z &quot;UnitSystem: n.d, Connectivity: n.d, ProgrammingSystem: n.d, TextSystem: n.d, RemanentData: n.d, AAS: n.d&quot; -C &quot;/RT=1000 /AM=*&quot; -D &quot;/IF=COM1 /BD=57600 /PA=2 /IT=20 /RS=0&quot; -M IA32 -T SG4" />
  </Rule>
</RuleSetOptions>